Open,High,Low,Close,Volume
2038.109985,2050.5,2013,2039.51001,23856100
284.399994,290.420013,284,286.950012,1093000
