Open,High,Low,Close,Volume
230.779999,233.470001,229.779999,232.070007,189846300
90,90.699997,89.470001,90.279999,11475900
