Open,High,Low,Close,Volume
133.880005,134.240005,132.529999,132.850006,202522400
40.34,40.740002,39.720001,40.290001,7425600
