Open,High,Low,Close,Volume
57.18,57.560001,56.73,57.110001,117439100
22.6,22.860001,22.459999,22.51,6155800
