Open,High,Low,Close,Volume
215.720001,218.619995,214.270004,217.5,169803700
63.310001,64.809998,62.209999,62.759998,5913100
