Open,High,Low,Close,Volume
289.320007,292.76001,285.579987,289.359985,92323200
16.93,17.299999,16.77,16.790001,1141100
