Open,High,Low,Close,Volume
386.690002,389.609985,379.350006,385,33649700
142.320007,154.970001,141.050003,143.669998,710300
