Open,High,Low,Close,Volume
58.889999,59.59,58.5,58.82,135834600
25.200001,27.15,24.870001,25.870001,5893800
